accuracy,precision,recall,f1,specificity,tp,tn,fp,fn,auc
0.8990384615384616,0.9077306733167082,0.9333333333333333,0.9203539823008849,0.8418803418803419,364,197,37,26,0.9525969756738988
